cell_id	clone_id
SA921-A90554A-R03-C08	C
SA921-A90554A-R03-C09	C
SA921-A90554A-R03-C13	A
SA921-A90554A-R03-C14	A
SA921-A90554A-R03-C16	C
SA921-A90554A-R03-C19	A
SA921-A90554A-R03-C20	A
SA921-A90554A-R03-C21	A
SA921-A90554A-R03-C22	B
SA921-A90554A-R03-C24	A
SA921-A90554A-R03-C26	A
SA921-A90554A-R03-C27	A
SA921-A90554A-R03-C28	A
SA921-A90554A-R03-C30	A
SA921-A90554A-R03-C34	C
SA921-A90554A-R03-C35	C
SA921-A90554A-R03-C36	A
SA921-A90554A-R03-C42	C
SA921-A90554A-R03-C44	C
SA921-A90554A-R03-C45	B
SA921-A90554A-R03-C49	A
SA921-A90554A-R03-C50	B
SA921-A90554A-R03-C51	A
SA921-A90554A-R03-C56	A
SA921-A90554A-R03-C57	B
SA921-A90554A-R03-C58	C
SA921-A90554A-R03-C59	A
SA921-A90554A-R03-C64	C
SA921-A90554A-R03-C65	C
SA921-A90554A-R03-C66	A
SA921-A90554A-R03-C67	A
SA921-A90554A-R03-C68	A
SA921-A90554A-R03-C70	B
SA921-A90554A-R04-C07	A
SA921-A90554A-R04-C08	A
SA921-A90554A-R04-C10	C
SA921-A90554A-R04-C11	A
SA921-A90554A-R04-C12	A
SA921-A90554A-R04-C13	C
SA921-A90554A-R04-C14	A
SA921-A90554A-R04-C16	A
SA921-A90554A-R04-C20	A
SA921-A90554A-R04-C21	C
SA921-A90554A-R04-C22	A
SA921-A90554A-R04-C24	C
SA921-A90554A-R04-C25	B
SA921-A90554A-R04-C29	C
SA921-A90554A-R04-C30	C
SA921-A90554A-R04-C33	C
SA921-A90554A-R04-C34	A
SA921-A90554A-R04-C37	B
SA921-A90554A-R04-C40	A
SA921-A90554A-R04-C41	C
SA921-A90554A-R04-C43	C
SA921-A90554A-R04-C44	C
SA921-A90554A-R04-C45	C
SA921-A90554A-R04-C48	C
SA921-A90554A-R04-C49	A
SA921-A90554A-R04-C51	C
SA921-A90554A-R04-C52	C
SA921-A90554A-R04-C53	C
SA921-A90554A-R04-C56	A
SA921-A90554A-R04-C57	C
SA921-A90554A-R04-C59	B
SA921-A90554A-R04-C60	A
SA921-A90554A-R04-C64	A
SA921-A90554A-R04-C65	A
SA921-A90554A-R04-C66	C
SA921-A90554A-R04-C67	A
SA921-A90554A-R04-C68	A
SA921-A90554A-R04-C69	C
SA921-A90554A-R04-C70	B
SA921-A90554A-R05-C07	A
SA921-A90554A-R05-C09	C
SA921-A90554A-R05-C10	C
SA921-A90554A-R05-C11	C
SA921-A90554A-R05-C12	A
SA921-A90554A-R05-C14	A
SA921-A90554A-R05-C16	C
SA921-A90554A-R05-C18	A
SA921-A90554A-R05-C19	C
SA921-A90554A-R05-C20	C
SA921-A90554A-R05-C25	C
SA921-A90554A-R05-C27	A
SA921-A90554A-R05-C32	A
SA921-A90554A-R05-C34	A
SA921-A90554A-R05-C35	A
SA921-A90554A-R05-C36	B
SA921-A90554A-R05-C37	C
SA921-A90554A-R05-C38	C
SA921-A90554A-R05-C41	A
SA921-A90554A-R05-C44	C
SA921-A90554A-R05-C45	A
SA921-A90554A-R05-C51	A
SA921-A90554A-R05-C52	A
SA921-A90554A-R05-C56	C
SA921-A90554A-R05-C57	C
SA921-A90554A-R05-C58	C
SA921-A90554A-R05-C60	C
SA921-A90554A-R05-C61	C
SA921-A90554A-R05-C64	A
SA921-A90554A-R05-C66	B
SA921-A90554A-R05-C68	A
SA921-A90554A-R05-C69	C
SA921-A90554A-R05-C70	A
SA921-A90554A-R06-C09	C
SA921-A90554A-R06-C13	A
SA921-A90554A-R06-C17	A
SA921-A90554A-R06-C18	C
SA921-A90554A-R06-C20	C
SA921-A90554A-R06-C24	A
SA921-A90554A-R06-C25	C
SA921-A90554A-R06-C27	C
SA921-A90554A-R06-C32	B
SA921-A90554A-R06-C33	B
SA921-A90554A-R06-C45	C
SA921-A90554A-R06-C46	C
SA921-A90554A-R06-C51	C
SA921-A90554A-R06-C57	A
SA921-A90554A-R06-C58	A
SA921-A90554A-R06-C59	A
SA921-A90554A-R06-C60	C
SA921-A90554A-R06-C64	C
SA921-A90554A-R06-C66	A
SA921-A90554A-R06-C69	A
SA921-A90554A-R06-C70	C
SA921-A90554A-R07-C08	C
SA921-A90554A-R07-C10	A
SA921-A90554A-R07-C16	C
SA921-A90554A-R07-C18	C
SA921-A90554A-R07-C19	A
SA921-A90554A-R07-C22	A
SA921-A90554A-R07-C25	A
SA921-A90554A-R07-C30	A
SA921-A90554A-R07-C34	C
SA921-A90554A-R07-C35	B
SA921-A90554A-R07-C37	B
SA921-A90554A-R07-C38	B
SA921-A90554A-R07-C40	A
SA921-A90554A-R07-C41	C
SA921-A90554A-R07-C45	A
SA921-A90554A-R07-C48	A
SA921-A90554A-R07-C49	C
SA921-A90554A-R07-C52	A
SA921-A90554A-R07-C56	A
SA921-A90554A-R07-C61	C
SA921-A90554A-R07-C64	C
SA921-A90554A-R07-C65	B
SA921-A90554A-R07-C66	A
SA921-A90554A-R07-C67	A
SA921-A90554A-R07-C69	C
SA921-A90554A-R08-C07	B
SA921-A90554A-R08-C08	A
SA921-A90554A-R08-C10	C
SA921-A90554A-R08-C11	C
SA921-A90554A-R08-C12	A
SA921-A90554A-R08-C16	B
SA921-A90554A-R08-C17	B
SA921-A90554A-R08-C20	B
SA921-A90554A-R08-C21	C
SA921-A90554A-R08-C22	A
SA921-A90554A-R08-C25	A
SA921-A90554A-R08-C26	A
SA921-A90554A-R08-C27	C
SA921-A90554A-R08-C28	A
SA921-A90554A-R08-C38	A
SA921-A90554A-R08-C41	A
SA921-A90554A-R08-C42	A
SA921-A90554A-R08-C43	A
SA921-A90554A-R08-C44	B
SA921-A90554A-R08-C48	A
SA921-A90554A-R08-C49	A
SA921-A90554A-R08-C51	A
SA921-A90554A-R08-C52	A
SA921-A90554A-R08-C58	B
SA921-A90554A-R08-C59	A
SA921-A90554A-R08-C62	B
SA921-A90554A-R08-C65	C
SA921-A90554A-R08-C66	C
SA921-A90554A-R08-C67	A
SA921-A90554A-R08-C68	A
SA921-A90554A-R08-C70	A
SA921-A90554A-R09-C07	A
SA921-A90554A-R09-C10	C
SA921-A90554A-R09-C12	C
SA921-A90554A-R09-C13	C
SA921-A90554A-R09-C14	C
SA921-A90554A-R09-C16	A
SA921-A90554A-R09-C17	B
SA921-A90554A-R09-C21	A
SA921-A90554A-R09-C22	A
SA921-A90554A-R09-C24	B
SA921-A90554A-R09-C27	B
SA921-A90554A-R09-C28	A
SA921-A90554A-R09-C30	A
SA921-A90554A-R09-C33	A
SA921-A90554A-R09-C37	A
SA921-A90554A-R09-C40	A
SA921-A90554A-R09-C41	A
SA921-A90554A-R09-C48	C
SA921-A90554A-R09-C49	A
SA921-A90554A-R09-C51	A
SA921-A90554A-R09-C57	C
SA921-A90554A-R09-C58	A
SA921-A90554A-R09-C59	C
SA921-A90554A-R09-C61	C
SA921-A90554A-R09-C65	C
SA921-A90554A-R09-C66	A
SA921-A90554A-R09-C68	C
SA921-A90554A-R10-C09	C
SA921-A90554A-R10-C11	A
SA921-A90554A-R10-C13	B
SA921-A90554A-R10-C14	A
SA921-A90554A-R10-C16	C
SA921-A90554A-R10-C18	C
SA921-A90554A-R10-C22	A
SA921-A90554A-R10-C24	A
SA921-A90554A-R10-C28	C
SA921-A90554A-R10-C30	C
SA921-A90554A-R10-C36	A
SA921-A90554A-R10-C43	C
SA921-A90554A-R10-C44	A
SA921-A90554A-R10-C45	B
SA921-A90554A-R10-C48	C
SA921-A90554A-R10-C49	C
SA921-A90554A-R10-C56	C
SA921-A90554A-R10-C57	C
SA921-A90554A-R10-C58	A
SA921-A90554A-R10-C59	A
SA921-A90554A-R10-C61	A
SA921-A90554A-R10-C62	C
SA921-A90554A-R10-C64	C
SA921-A90554A-R10-C65	A
SA921-A90554A-R10-C68	C
SA921-A90554A-R11-C08	B
SA921-A90554A-R11-C09	B
SA921-A90554A-R11-C11	A
SA921-A90554A-R11-C13	B
SA921-A90554A-R11-C14	A
SA921-A90554A-R11-C16	B
SA921-A90554A-R11-C20	C
SA921-A90554A-R11-C25	C
SA921-A90554A-R11-C26	A
SA921-A90554A-R11-C29	A
SA921-A90554A-R11-C34	A
SA921-A90554A-R11-C35	C
SA921-A90554A-R11-C36	C
SA921-A90554A-R11-C37	B
SA921-A90554A-R11-C38	A
SA921-A90554A-R11-C41	A
SA921-A90554A-R11-C42	B
SA921-A90554A-R11-C44	C
SA921-A90554A-R11-C48	A
SA921-A90554A-R11-C49	A
SA921-A90554A-R11-C50	A
SA921-A90554A-R11-C52	A
SA921-A90554A-R11-C56	B
SA921-A90554A-R11-C57	A
SA921-A90554A-R11-C58	A
SA921-A90554A-R11-C60	C
SA921-A90554A-R11-C64	C
SA921-A90554A-R11-C68	A
SA921-A90554A-R11-C70	A
SA921-A90554A-R12-C10	B
SA921-A90554A-R12-C11	C
SA921-A90554A-R12-C13	C
SA921-A90554A-R12-C14	A
SA921-A90554A-R12-C17	A
SA921-A90554A-R12-C18	B
SA921-A90554A-R12-C19	C
SA921-A90554A-R12-C20	C
SA921-A90554A-R12-C24	A
SA921-A90554A-R12-C25	C
SA921-A90554A-R12-C26	C
SA921-A90554A-R12-C29	C
SA921-A90554A-R12-C32	A
SA921-A90554A-R12-C34	A
SA921-A90554A-R12-C37	A
SA921-A90554A-R12-C41	C
SA921-A90554A-R12-C42	C
SA921-A90554A-R12-C43	C
SA921-A90554A-R12-C45	C
SA921-A90554A-R12-C50	C
SA921-A90554A-R12-C51	C
SA921-A90554A-R12-C56	A
SA921-A90554A-R12-C58	A
SA921-A90554A-R12-C59	A
SA921-A90554A-R12-C60	B
SA921-A90554A-R12-C64	C
SA921-A90554A-R12-C65	A
SA921-A90554A-R12-C69	A
SA921-A90554A-R13-C08	C
SA921-A90554A-R13-C09	C
SA921-A90554A-R13-C10	B
SA921-A90554A-R13-C11	A
SA921-A90554A-R13-C12	C
SA921-A90554A-R13-C14	A
SA921-A90554A-R13-C16	A
SA921-A90554A-R13-C17	A
SA921-A90554A-R13-C18	A
SA921-A90554A-R13-C19	C
SA921-A90554A-R13-C20	A
SA921-A90554A-R13-C22	C
SA921-A90554A-R13-C26	B
SA921-A90554A-R13-C27	A
SA921-A90554A-R13-C28	A
SA921-A90554A-R13-C30	C
SA921-A90554A-R13-C34	C
SA921-A90554A-R13-C35	A
SA921-A90554A-R13-C37	A
SA921-A90554A-R13-C40	A
SA921-A90554A-R13-C41	C
SA921-A90554A-R13-C42	A
SA921-A90554A-R13-C43	C
SA921-A90554A-R13-C44	B
SA921-A90554A-R13-C45	C
SA921-A90554A-R13-C49	A
SA921-A90554A-R13-C50	C
SA921-A90554A-R13-C57	C
SA921-A90554A-R13-C59	C
SA921-A90554A-R13-C61	A
SA921-A90554A-R13-C64	C
SA921-A90554A-R13-C65	A
SA921-A90554A-R13-C67	C
SA921-A90554A-R13-C68	C
SA921-A90554A-R13-C69	A
SA921-A90554A-R14-C07	A
SA921-A90554A-R14-C09	C
SA921-A90554A-R14-C11	A
SA921-A90554A-R14-C12	C
SA921-A90554A-R14-C13	A
SA921-A90554A-R14-C14	A
SA921-A90554A-R14-C16	A
SA921-A90554A-R14-C17	C
SA921-A90554A-R14-C24	C
SA921-A90554A-R14-C25	A
SA921-A90554A-R14-C27	C
SA921-A90554A-R14-C28	C
SA921-A90554A-R14-C30	C
SA921-A90554A-R14-C33	A
SA921-A90554A-R14-C36	A
SA921-A90554A-R14-C40	B
SA921-A90554A-R14-C41	A
SA921-A90554A-R14-C42	A
SA921-A90554A-R14-C43	A
SA921-A90554A-R14-C45	A
SA921-A90554A-R14-C48	C
SA921-A90554A-R14-C49	B
SA921-A90554A-R14-C50	A
SA921-A90554A-R14-C51	A
SA921-A90554A-R14-C56	A
SA921-A90554A-R14-C57	C
SA921-A90554A-R14-C58	C
SA921-A90554A-R14-C59	A
SA921-A90554A-R14-C60	A
SA921-A90554A-R14-C61	B
SA921-A90554A-R14-C64	A
SA921-A90554A-R14-C65	A
SA921-A90554A-R14-C66	C
SA921-A90554A-R14-C67	A
SA921-A90554A-R14-C68	B
SA921-A90554A-R14-C69	B
SA921-A90554A-R15-C08	A
SA921-A90554A-R15-C10	A
SA921-A90554A-R15-C11	A
SA921-A90554A-R15-C12	C
SA921-A90554A-R15-C13	B
SA921-A90554A-R15-C20	A
SA921-A90554A-R15-C21	C
SA921-A90554A-R15-C22	C
SA921-A90554A-R15-C24	A
SA921-A90554A-R15-C25	C
SA921-A90554A-R15-C27	A
SA921-A90554A-R15-C30	B
SA921-A90554A-R15-C32	A
SA921-A90554A-R15-C33	A
SA921-A90554A-R15-C36	A
SA921-A90554A-R15-C37	B
SA921-A90554A-R15-C40	C
SA921-A90554A-R15-C42	C
SA921-A90554A-R15-C44	C
SA921-A90554A-R15-C48	C
SA921-A90554A-R15-C51	A
SA921-A90554A-R15-C52	A
SA921-A90554A-R15-C58	B
SA921-A90554A-R15-C64	A
SA921-A90554A-R15-C65	C
SA921-A90554A-R15-C66	C
SA921-A90554A-R15-C68	A
SA921-A90554A-R15-C69	C
SA922-A90554B-R23-C26	E
SA922-A90554B-R23-C27	E
SA922-A90554B-R23-C28	E
SA922-A90554B-R23-C30	E
SA922-A90554B-R23-C32	E
SA922-A90554B-R23-C35	D
SA922-A90554B-R23-C36	E
SA922-A90554B-R23-C37	E
SA922-A90554B-R23-C43	E
SA922-A90554B-R23-C44	E
SA922-A90554B-R23-C45	E
SA922-A90554B-R23-C46	E
SA922-A90554B-R23-C48	E
SA922-A90554B-R23-C49	E
SA922-A90554B-R23-C59	E
SA922-A90554B-R23-C60	E
SA922-A90554B-R23-C68	E
SA922-A90554B-R24-C09	E
SA922-A90554B-R24-C12	E
SA922-A90554B-R24-C14	D
SA922-A90554B-R24-C17	E
SA922-A90554B-R24-C19	E
SA922-A90554B-R24-C20	E
SA922-A90554B-R24-C21	E
SA922-A90554B-R24-C22	E
SA922-A90554B-R24-C24	E
SA922-A90554B-R24-C25	E
SA922-A90554B-R24-C26	E
SA922-A90554B-R24-C28	E
SA922-A90554B-R24-C32	E
SA922-A90554B-R24-C34	E
SA922-A90554B-R24-C40	E
SA922-A90554B-R24-C41	E
SA922-A90554B-R24-C67	E
SA922-A90554B-R24-C68	E
SA922-A90554B-R24-C69	E
SA922-A90554B-R25-C08	E
SA922-A90554B-R25-C09	E
SA922-A90554B-R25-C10	E
SA922-A90554B-R25-C17	E
SA922-A90554B-R25-C18	D
SA922-A90554B-R25-C19	D
SA922-A90554B-R25-C20	E
SA922-A90554B-R25-C22	E
SA922-A90554B-R25-C29	E
SA922-A90554B-R25-C30	D
SA922-A90554B-R25-C40	D
SA922-A90554B-R25-C41	E
SA922-A90554B-R25-C43	E
SA922-A90554B-R25-C44	E
SA922-A90554B-R25-C49	E
SA922-A90554B-R25-C52	E
SA922-A90554B-R25-C56	E
SA922-A90554B-R25-C58	D
SA922-A90554B-R25-C59	D
SA922-A90554B-R25-C62	E
SA922-A90554B-R25-C65	E
SA922-A90554B-R25-C67	E
SA922-A90554B-R25-C68	E
SA922-A90554B-R25-C70	E
SA922-A90554B-R26-C07	E
SA922-A90554B-R26-C08	E
SA922-A90554B-R26-C10	E
SA922-A90554B-R26-C11	E
SA922-A90554B-R26-C12	E
SA922-A90554B-R26-C20	E
SA922-A90554B-R26-C22	E
SA922-A90554B-R26-C24	E
SA922-A90554B-R26-C28	D
SA922-A90554B-R26-C32	E
SA922-A90554B-R26-C40	E
SA922-A90554B-R26-C41	E
SA922-A90554B-R26-C43	E
SA922-A90554B-R26-C44	E
SA922-A90554B-R26-C45	E
SA922-A90554B-R26-C49	E
SA922-A90554B-R26-C50	E
SA922-A90554B-R26-C51	E
SA922-A90554B-R26-C56	E
SA922-A90554B-R26-C57	E
SA922-A90554B-R26-C58	E
SA922-A90554B-R26-C60	E
SA922-A90554B-R26-C61	D
SA922-A90554B-R26-C62	E
SA922-A90554B-R26-C64	E
SA922-A90554B-R26-C66	E
SA922-A90554B-R26-C69	D
SA922-A90554B-R26-C70	D
SA922-A90554B-R27-C12	E
SA922-A90554B-R27-C13	D
SA922-A90554B-R27-C18	E
SA922-A90554B-R27-C21	E
SA922-A90554B-R27-C27	E
SA922-A90554B-R27-C29	E
SA922-A90554B-R27-C32	E
SA922-A90554B-R27-C40	E
SA922-A90554B-R27-C41	E
SA922-A90554B-R27-C43	E
SA922-A90554B-R27-C44	E
SA922-A90554B-R27-C48	E
SA922-A90554B-R27-C57	E
SA922-A90554B-R27-C58	E
SA922-A90554B-R27-C59	E
SA922-A90554B-R27-C60	E
SA922-A90554B-R27-C61	E
SA922-A90554B-R27-C62	E
SA922-A90554B-R27-C64	D
SA922-A90554B-R27-C68	E
SA922-A90554B-R27-C69	E
SA922-A90554B-R27-C70	E
SA922-A90554B-R28-C07	E
SA922-A90554B-R28-C10	D
SA922-A90554B-R28-C11	E
SA922-A90554B-R28-C12	E
SA922-A90554B-R28-C17	D
SA922-A90554B-R28-C18	E
SA922-A90554B-R28-C19	E
SA922-A90554B-R28-C20	E
SA922-A90554B-R28-C22	E
SA922-A90554B-R28-C24	E
SA922-A90554B-R28-C25	E
SA922-A90554B-R28-C32	E
SA922-A90554B-R28-C35	E
SA922-A90554B-R28-C38	E
SA922-A90554B-R28-C40	E
SA922-A90554B-R28-C42	D
SA922-A90554B-R28-C45	E
SA922-A90554B-R28-C48	D
SA922-A90554B-R28-C50	E
SA922-A90554B-R28-C56	E
SA922-A90554B-R28-C57	E
SA922-A90554B-R28-C60	E
SA922-A90554B-R28-C66	E
SA922-A90554B-R28-C67	E
SA922-A90554B-R28-C70	E
SA922-A90554B-R29-C10	D
SA922-A90554B-R29-C18	E
SA922-A90554B-R29-C19	E
SA922-A90554B-R29-C21	E
SA922-A90554B-R29-C22	E
SA922-A90554B-R29-C25	E
SA922-A90554B-R29-C26	E
SA922-A90554B-R29-C28	E
SA922-A90554B-R29-C35	E
SA922-A90554B-R29-C36	E
SA922-A90554B-R29-C40	E
SA922-A90554B-R29-C42	E
SA922-A90554B-R29-C43	E
SA922-A90554B-R29-C44	E
SA922-A90554B-R29-C45	E
SA922-A90554B-R29-C49	E
SA922-A90554B-R29-C51	E
SA922-A90554B-R29-C56	E
SA922-A90554B-R29-C61	E
SA922-A90554B-R29-C64	E
SA922-A90554B-R29-C67	E
SA922-A90554B-R29-C68	E
SA922-A90554B-R29-C69	D
SA922-A90554B-R30-C08	E
SA922-A90554B-R30-C09	E
SA922-A90554B-R30-C12	E
SA922-A90554B-R30-C14	E
SA922-A90554B-R30-C17	E
SA922-A90554B-R30-C18	E
SA922-A90554B-R30-C20	E
SA922-A90554B-R30-C22	E
SA922-A90554B-R30-C24	E
SA922-A90554B-R30-C25	E
SA922-A90554B-R30-C27	E
SA922-A90554B-R30-C28	E
SA922-A90554B-R30-C29	E
SA922-A90554B-R30-C32	E
SA922-A90554B-R30-C34	E
SA922-A90554B-R30-C40	D
SA922-A90554B-R30-C41	E
SA922-A90554B-R30-C42	E
SA922-A90554B-R30-C43	E
SA922-A90554B-R30-C44	E
SA922-A90554B-R30-C45	E
SA922-A90554B-R30-C49	E
SA922-A90554B-R30-C50	E
SA922-A90554B-R30-C51	E
SA922-A90554B-R30-C60	E
SA922-A90554B-R30-C64	E
SA922-A90554B-R30-C65	E
SA922-A90554B-R30-C66	E
SA922-A90554B-R30-C70	E
SA922-A90554B-R31-C09	D
SA922-A90554B-R31-C10	E
SA922-A90554B-R31-C18	E
SA922-A90554B-R31-C19	E
SA922-A90554B-R31-C20	E
SA922-A90554B-R31-C25	E
SA922-A90554B-R31-C29	E
SA922-A90554B-R31-C30	E
SA922-A90554B-R31-C34	E
SA922-A90554B-R31-C35	E
SA922-A90554B-R31-C36	E
SA922-A90554B-R31-C38	D
SA922-A90554B-R31-C40	D
SA922-A90554B-R31-C41	D
SA922-A90554B-R31-C42	E
SA922-A90554B-R31-C43	E
SA922-A90554B-R31-C45	E
SA922-A90554B-R31-C51	E
SA922-A90554B-R31-C52	E
SA922-A90554B-R31-C56	E
SA922-A90554B-R31-C66	E
SA922-A90554B-R31-C70	E
SA922-A90554B-R32-C10	E
SA922-A90554B-R32-C12	E
SA922-A90554B-R32-C13	E
SA922-A90554B-R32-C16	E
SA922-A90554B-R32-C19	E
SA922-A90554B-R32-C21	D
SA922-A90554B-R32-C25	D
SA922-A90554B-R32-C34	E
SA922-A90554B-R32-C35	E
SA922-A90554B-R32-C38	E
SA922-A90554B-R32-C41	E
SA922-A90554B-R33-C19	E
SA922-A90554B-R33-C27	E
SA922-A90554B-R33-C28	D
SA922-A90554B-R33-C29	E
SA922-A90554B-R33-C35	E
SA922-A90554B-R33-C37	E
SA922-A90554B-R33-C38	E
SA922-A90554B-R33-C41	E
SA922-A90554B-R33-C42	E
SA922-A90554B-R33-C44	E
SA922-A90554B-R33-C45	E
SA922-A90554B-R33-C48	E
SA922-A90554B-R33-C51	E
SA922-A90554B-R33-C52	E
SA922-A90554B-R33-C56	E
SA922-A90554B-R33-C57	E
SA922-A90554B-R33-C58	D
SA922-A90554B-R33-C60	E
SA922-A90554B-R33-C69	E
SA922-A90554B-R33-C70	D
SA922-A90554B-R34-C08	E
SA922-A90554B-R34-C09	E
SA922-A90554B-R34-C12	E
SA922-A90554B-R34-C14	E
SA922-A90554B-R34-C16	E
SA922-A90554B-R34-C17	E
SA922-A90554B-R34-C20	E
SA922-A90554B-R34-C21	E
SA922-A90554B-R34-C26	E
SA922-A90554B-R34-C27	E
SA922-A90554B-R34-C30	E
SA922-A90554B-R34-C32	E
SA922-A90554B-R34-C34	E
SA922-A90554B-R34-C35	E
SA922-A90554B-R34-C36	E
SA922-A90554B-R34-C41	E
SA922-A90554B-R34-C42	E
SA922-A90554B-R34-C43	E
SA922-A90554B-R34-C47	E
SA922-A90554B-R34-C48	E
SA922-A90554B-R34-C49	E
SA922-A90554B-R34-C54	E
SA922-A90554B-R34-C58	E
SA922-A90554B-R34-C61	E
SA922-A90554B-R34-C64	E
SA922-A90554B-R34-C66	E
SA922-A90554B-R34-C67	E
SA922-A90554B-R34-C68	D
SA922-A90554B-R34-C69	E
SA922-A90554B-R35-C08	E
SA922-A90554B-R35-C10	D
SA922-A90554B-R35-C12	D
SA922-A90554B-R35-C13	E
SA922-A90554B-R35-C14	E
SA922-A90554B-R35-C19	E
SA922-A90554B-R35-C21	E
SA922-A90554B-R35-C22	E
SA922-A90554B-R35-C25	E
SA922-A90554B-R35-C28	E
SA922-A90554B-R35-C32	E
SA922-A90554B-R35-C33	E
SA922-A90554B-R35-C34	E
SA922-A90554B-R35-C35	E
SA922-A90554B-R35-C36	E
SA922-A90554B-R35-C37	E
SA922-A90554B-R35-C38	E
SA922-A90554B-R35-C40	E
SA922-A90554B-R35-C47	E
SA922-A90554B-R35-C49	E
SA922-A90554B-R35-C50	E
SA922-A90554B-R35-C56	E
SA922-A90554B-R35-C58	E
SA922-A90554B-R35-C59	E
SA922-A90554B-R35-C60	E
SA922-A90554B-R35-C61	D
SA922-A90554B-R35-C67	D
SA922-A90554B-R35-C69	E
SA1090-A96213A-R20-C11	F
SA1090-A96213A-R20-C17	G
SA1090-A96213A-R20-C18	F
SA1090-A96213A-R20-C19	F
SA1090-A96213A-R20-C22	F
SA1090-A96213A-R20-C23	G
SA1090-A96213A-R20-C24	F
SA1090-A96213A-R20-C25	G
SA1090-A96213A-R20-C26	F
SA1090-A96213A-R20-C31	G
SA1090-A96213A-R20-C32	G
SA1090-A96213A-R20-C33	F
SA1090-A96213A-R20-C36	G
SA1090-A96213A-R20-C37	G
SA1090-A96213A-R20-C38	G
SA1090-A96213A-R20-C40	F
SA1090-A96213A-R20-C48	G
SA1090-A96213A-R20-C49	F
SA1090-A96213A-R20-C50	G
SA1090-A96213A-R20-C54	G
SA1090-A96213A-R20-C56	G
SA1090-A96213A-R20-C57	G
SA1090-A96213A-R20-C61	F
SA1090-A96213A-R20-C62	G
SA1090-A96213A-R20-C63	G
SA1090-A96213A-R20-C64	F
SA1090-A96213A-R20-C65	F
SA1090-A96213A-R20-C69	F
SA1090-A96213A-R22-C20	G
SA1090-A96213A-R22-C21	F
SA1090-A96213A-R22-C22	G
SA1090-A96213A-R22-C26	G
SA1090-A96213A-R22-C27	G
SA1090-A96213A-R22-C28	F
SA1090-A96213A-R22-C30	F
SA1090-A96213A-R22-C33	G
SA1090-A96213A-R22-C34	F
SA1090-A96213A-R22-C38	G
SA1090-A96213A-R22-C39	G
SA1090-A96213A-R22-C41	G
SA1090-A96213A-R22-C43	F
SA1090-A96213A-R22-C44	F
SA1090-A96213A-R22-C45	G
SA1090-A96213A-R22-C46	G
SA1090-A96213A-R22-C47	F
SA1090-A96213A-R22-C48	F
SA1090-A96213A-R22-C49	F
SA1090-A96213A-R22-C50	F
SA1090-A96213A-R24-C12	G
SA1090-A96213A-R24-C13	F
SA1090-A96213A-R24-C14	F
SA1090-A96213A-R24-C15	F
SA1090-A96213A-R24-C17	F
SA1090-A96213A-R24-C19	G
SA1090-A96213A-R24-C20	F
SA1090-A96213A-R24-C22	F
SA1090-A96213A-R24-C24	G
SA1090-A96213A-R24-C25	G
SA1090-A96213A-R24-C26	G
SA1090-A96213A-R24-C27	F
SA1090-A96213A-R24-C29	G
SA1090-A96213A-R24-C30	F
SA1090-A96213A-R24-C32	G
SA1090-A96213A-R24-C33	F
SA1090-A96213A-R24-C36	F
SA1090-A96213A-R24-C38	G
SA1090-A96213A-R24-C40	G
SA1090-A96213A-R24-C42	G
SA1090-A96213A-R24-C43	F
SA1090-A96213A-R24-C44	F
SA1090-A96213A-R24-C46	F
SA1090-A96213A-R24-C47	G
SA1090-A96213A-R24-C48	G
SA1090-A96213A-R24-C53	F
SA1090-A96213A-R24-C54	F
SA1090-A96213A-R24-C55	F
SA1090-A96213A-R24-C56	F
SA1090-A96213A-R24-C57	F
SA1090-A96213A-R24-C59	F
SA1090-A96213A-R24-C61	F
SA1090-A96213A-R24-C63	F
SA1090-A96213A-R24-C64	G
SA1090-A96213A-R24-C65	G
SA1090-A96213A-R24-C66	F
SA1090-A96213A-R24-C68	G
SA1090-A96213A-R24-C70	F
SA1090-A96213A-R25-C09	F
SA1090-A96213A-R25-C12	G
SA1090-A96213A-R25-C13	F
SA1090-A96213A-R25-C14	G
SA1090-A96213A-R25-C15	G
SA1090-A96213A-R25-C16	G
SA1090-A96213A-R25-C18	F
SA1090-A96213A-R25-C21	G
SA1090-A96213A-R25-C22	G
SA1090-A96213A-R25-C23	F
SA1090-A96213A-R25-C24	F
SA1090-A96213A-R25-C33	G
SA1090-A96213A-R25-C39	G
SA1090-A96213A-R25-C44	G
SA1090-A96213A-R25-C51	G
SA1090-A96213A-R25-C57	F
SA1090-A96213A-R25-C61	F
SA1090-A96213A-R25-C65	G
SA1090-A96213A-R25-C67	F
SA1090-A96213A-R26-C14	F
SA1090-A96213A-R26-C37	F
SA1090-A96213A-R26-C43	F
SA1090-A96213A-R26-C45	F
SA1090-A96213A-R26-C46	G
SA1090-A96213A-R26-C50	G
SA1090-A96213A-R26-C62	G
SA1090-A96213A-R26-C64	F
SA1090-A96213A-R26-C66	G
SA1090-A96213A-R26-C68	G
SA1090-A96213A-R27-C07	G
SA1090-A96213A-R27-C33	G
SA1090-A96213A-R27-C35	G
SA1090-A96213A-R27-C45	G
SA1090-A96213A-R27-C47	F
SA1090-A96213A-R27-C55	G
SA1090-A96213A-R27-C62	F
SA1090-A96213A-R27-C63	F
SA1090-A96213A-R27-C64	F
SA1090-A96213A-R27-C65	G
SA1090-A96213A-R27-C66	G
SA1090-A96213A-R28-C08	F
SA1090-A96213A-R28-C09	F
SA1090-A96213A-R28-C10	G
SA1090-A96213A-R28-C11	F
SA1090-A96213A-R28-C13	G
SA1090-A96213A-R28-C14	G
SA1090-A96213A-R28-C15	G
SA1090-A96213A-R28-C16	F
SA1090-A96213A-R28-C18	G
SA1090-A96213A-R28-C21	G
SA1090-A96213A-R28-C22	F
SA1090-A96213A-R28-C23	G
SA1090-A96213A-R28-C24	F
SA1090-A96213A-R28-C25	F
SA1090-A96213A-R28-C26	F
SA1090-A96213A-R28-C27	G
SA1090-A96213A-R28-C28	G
SA1090-A96213A-R28-C29	G
SA1090-A96213A-R28-C30	F
SA1090-A96213A-R28-C32	F
SA1090-A96213A-R28-C33	F
SA1090-A96213A-R28-C34	F
SA1090-A96213A-R28-C36	G
SA1090-A96213A-R28-C38	F
SA1090-A96213A-R28-C39	G
SA1090-A96213A-R28-C40	G
SA1090-A96213A-R28-C42	F
SA1090-A96213A-R28-C43	F
SA1090-A96213A-R28-C44	G
SA1090-A96213A-R28-C45	G
SA1090-A96213A-R28-C46	F
SA1090-A96213A-R28-C48	G
SA1090-A96213A-R28-C49	F
SA1090-A96213A-R28-C50	F
SA1090-A96213A-R28-C51	F
SA1090-A96213A-R28-C52	G
SA1090-A96213A-R28-C53	G
SA1090-A96213A-R28-C55	F
SA1090-A96213A-R28-C57	F
SA1090-A96213A-R28-C58	G
SA1090-A96213A-R28-C60	G
SA1090-A96213A-R28-C61	G
SA1090-A96213A-R28-C62	G
SA1090-A96213A-R28-C63	F
SA1090-A96213A-R28-C64	G
SA1090-A96213A-R28-C65	F
SA1090-A96213A-R28-C66	F
SA1090-A96213A-R28-C67	G
SA1090-A96213A-R28-C68	F
SA1090-A96213A-R28-C69	F
SA1090-A96213A-R28-C70	G
SA1090-A96213A-R29-C07	F
SA1090-A96213A-R29-C09	G
SA1090-A96213A-R29-C11	G
SA1090-A96213A-R29-C16	G
SA1090-A96213A-R29-C17	G
SA1090-A96213A-R29-C18	F
SA1090-A96213A-R29-C32	F
SA1090-A96213A-R29-C33	G
SA1090-A96213A-R29-C34	G
SA1090-A96213A-R29-C35	F
SA1090-A96213A-R29-C36	F
SA1090-A96213A-R29-C38	G
SA1090-A96213A-R29-C39	F
SA1090-A96213A-R29-C40	F
SA1090-A96213A-R29-C41	G
SA1090-A96213A-R29-C42	F
SA1090-A96213A-R29-C44	F
SA1090-A96213A-R29-C46	F
SA1090-A96213A-R29-C47	G
SA1090-A96213A-R29-C48	G
SA1090-A96213A-R29-C49	F
SA1090-A96213A-R29-C55	G
SA1090-A96213A-R29-C56	G
SA1090-A96213A-R29-C57	G
SA1090-A96213A-R29-C58	G
SA1090-A96213A-R29-C59	F
SA1090-A96213A-R29-C60	G
SA1090-A96213A-R29-C61	G
SA1090-A96213A-R29-C62	G
SA1090-A96213A-R29-C63	F
SA1090-A96213A-R29-C64	F
SA1090-A96213A-R29-C65	F
SA1090-A96213A-R29-C66	G
SA1090-A96213A-R29-C68	F
SA1090-A96213A-R29-C69	F
SA1090-A96213A-R29-C70	G
SA1090-A96213A-R30-C07	F
SA1090-A96213A-R30-C08	F
SA1090-A96213A-R30-C09	F
SA1090-A96213A-R30-C10	F
SA1090-A96213A-R30-C11	F
SA1090-A96213A-R30-C12	G
SA1090-A96213A-R30-C14	F
SA1090-A96213A-R30-C15	G
SA1090-A96213A-R30-C17	F
SA1090-A96213A-R30-C18	G
SA1090-A96213A-R30-C32	G
SA1090-A96213A-R30-C34	G
SA1090-A96213A-R30-C36	G
SA1090-A96213A-R30-C38	G
SA1090-A96213A-R30-C39	G
SA1090-A96213A-R30-C41	F
SA1090-A96213A-R30-C42	G
SA1090-A96213A-R30-C44	F
SA1090-A96213A-R30-C45	G
SA1090-A96213A-R30-C50	G
SA1090-A96213A-R30-C51	G
SA1090-A96213A-R30-C53	G
SA1090-A96213A-R30-C54	G
SA1090-A96213A-R30-C55	F
SA1090-A96213A-R30-C56	F
SA1090-A96213A-R30-C57	G
SA1090-A96213A-R30-C58	F
SA1090-A96213A-R30-C60	F
SA1090-A96213A-R30-C61	G
SA1090-A96213A-R30-C62	G
SA1090-A96213A-R30-C63	G
SA1090-A96213A-R30-C64	F
SA1090-A96213A-R30-C65	G
SA1090-A96213A-R30-C66	G
SA1090-A96213A-R30-C68	G
SA1090-A96213A-R30-C70	G
SA1090-A96213A-R31-C08	G
SA1090-A96213A-R31-C09	F
SA1090-A96213A-R31-C10	F
SA1090-A96213A-R31-C11	F
SA1090-A96213A-R31-C12	G
SA1090-A96213A-R31-C13	F
SA1090-A96213A-R31-C16	F
SA1090-A96213A-R31-C17	G
SA1090-A96213A-R31-C33	G
SA1090-A96213A-R31-C35	G
SA1090-A96213A-R31-C37	F
SA1090-A96213A-R31-C38	G
SA1090-A96213A-R31-C39	F
SA1090-A96213A-R31-C40	G
SA1090-A96213A-R31-C41	F
SA1090-A96213A-R31-C42	F
SA1090-A96213A-R31-C43	F
SA1090-A96213A-R31-C48	G
SA1090-A96213A-R31-C51	F
SA1090-A96213A-R31-C52	F
SA1090-A96213A-R31-C53	G
SA1090-A96213A-R31-C54	G
SA1090-A96213A-R31-C55	G
SA1090-A96213A-R31-C56	F
SA1090-A96213A-R31-C58	G
SA1090-A96213A-R31-C59	G
SA1090-A96213A-R31-C60	F
SA1090-A96213A-R31-C61	G
SA1090-A96213A-R31-C62	F
SA1090-A96213A-R31-C63	G
SA1090-A96213A-R31-C64	F
SA1090-A96213A-R31-C65	F
SA1090-A96213A-R31-C67	G
SA1090-A96213A-R31-C68	G
SA1090-A96213A-R31-C70	F
SA1090-A96213A-R32-C07	G
SA1090-A96213A-R32-C08	G
SA1090-A96213A-R32-C10	F
SA1090-A96213A-R32-C11	G
SA1090-A96213A-R32-C12	G
SA1090-A96213A-R32-C13	F
SA1090-A96213A-R32-C14	F
SA1090-A96213A-R32-C15	F
SA1090-A96213A-R32-C35	G
SA1090-A96213A-R32-C38	G
SA1090-A96213A-R32-C41	G
SA1090-A96213A-R32-C42	G
SA1090-A96213A-R32-C44	G
SA1090-A96213A-R32-C45	F
SA1090-A96213A-R32-C47	F
SA1090-A96213A-R32-C49	F
SA1090-A96213A-R32-C50	G
SA1090-A96213A-R32-C53	F
SA1090-A96213A-R32-C54	G
SA1090-A96213A-R32-C55	G
SA1090-A96213A-R32-C56	G
SA1090-A96213A-R32-C57	F
SA1090-A96213A-R32-C58	G
SA1090-A96213A-R32-C62	G
SA1090-A96213A-R32-C63	F
SA1090-A96213A-R32-C65	F
SA1090-A96213A-R32-C66	G
SA1090-A96213A-R32-C67	G
SA1090-A96213A-R32-C68	F
SA1090-A96213A-R32-C69	F
SA1090-A96213A-R32-C70	G
SA1090-A96213A-R33-C07	G
SA1090-A96213A-R33-C08	F
SA1090-A96213A-R33-C09	G
SA1090-A96213A-R33-C10	F
SA1090-A96213A-R33-C11	G
SA1090-A96213A-R33-C12	F
SA1090-A96213A-R33-C13	G
SA1090-A96213A-R33-C15	F
SA1090-A96213A-R33-C17	G
SA1090-A96213A-R33-C18	G
SA1090-A96213A-R33-C19	G
SA1090-A96213A-R33-C20	F
SA1090-A96213A-R33-C22	G
SA1090-A96213A-R33-C23	G
SA1090-A96213A-R33-C26	G
SA1090-A96213A-R33-C27	F
SA1090-A96213A-R33-C28	F
SA1090-A96213A-R33-C29	F
SA1090-A96213A-R33-C31	G
SA1090-A96213A-R33-C32	F
SA1090-A96213A-R33-C33	F
SA1090-A96213A-R33-C34	F
SA1090-A96213A-R33-C35	G
SA1090-A96213A-R33-C36	G
SA1090-A96213A-R33-C37	F
SA1090-A96213A-R33-C38	G
SA1090-A96213A-R33-C40	G
SA1090-A96213A-R33-C41	G
SA1090-A96213A-R33-C44	F
SA1090-A96213A-R33-C46	F
SA1090-A96213A-R33-C48	G
SA1090-A96213A-R33-C52	G
SA1090-A96213A-R33-C53	G
SA1090-A96213A-R33-C55	F
SA1090-A96213A-R33-C57	F
SA1090-A96213A-R33-C58	F
SA1090-A96213A-R33-C60	F
SA1090-A96213A-R33-C61	F
SA1090-A96213A-R33-C62	G
SA1090-A96213A-R33-C64	F
SA1090-A96213A-R33-C65	G
SA1090-A96213A-R33-C68	G
SA1090-A96213A-R33-C70	F
SA1090-A96213A-R34-C08	G
SA1090-A96213A-R34-C11	F
SA1090-A96213A-R34-C13	F
SA1090-A96213A-R34-C14	G
SA1090-A96213A-R34-C15	F
SA1090-A96213A-R34-C16	F
SA1090-A96213A-R34-C17	G
SA1090-A96213A-R34-C18	G
SA1090-A96213A-R34-C19	F
SA1090-A96213A-R34-C20	F
SA1090-A96213A-R34-C21	F
SA1090-A96213A-R34-C25	G
SA1090-A96213A-R34-C27	G
SA1090-A96213A-R34-C28	G
SA1090-A96213A-R34-C29	F
SA1090-A96213A-R34-C30	G
SA1090-A96213A-R34-C31	G
SA1090-A96213A-R34-C35	F
SA1090-A96213A-R34-C36	G
SA1090-A96213A-R34-C37	G
SA1090-A96213A-R34-C38	G
SA1090-A96213A-R34-C39	G
SA1090-A96213A-R34-C40	G
SA1090-A96213A-R34-C41	G
SA1090-A96213A-R34-C42	G
SA1090-A96213A-R34-C44	F
SA1090-A96213A-R34-C45	F
SA1090-A96213A-R34-C46	F
SA1090-A96213A-R34-C48	G
SA1090-A96213A-R34-C49	F
SA1090-A96213A-R34-C50	F
SA1090-A96213A-R34-C53	G
SA1090-A96213A-R34-C54	G
SA1090-A96213A-R34-C55	G
SA1090-A96213A-R34-C56	G
SA1090-A96213A-R34-C57	G
SA1090-A96213A-R34-C58	G
SA1090-A96213A-R34-C63	G
SA1090-A96213A-R34-C64	G
SA1090-A96213A-R34-C65	G
SA1090-A96213A-R34-C67	F
SA1090-A96213A-R34-C68	G
SA1090-A96213A-R34-C70	F
SA1090-A96213A-R35-C10	F
SA1090-A96213A-R35-C11	G
SA1090-A96213A-R35-C12	F
SA1090-A96213A-R35-C14	F
SA1090-A96213A-R35-C15	F
SA1090-A96213A-R35-C17	G
SA1090-A96213A-R35-C21	G
SA1090-A96213A-R35-C22	F
SA1090-A96213A-R35-C23	G
SA1090-A96213A-R35-C24	F
SA1090-A96213A-R35-C25	F
SA1090-A96213A-R35-C27	F
SA1090-A96213A-R35-C28	F
SA1090-A96213A-R35-C31	G
SA1090-A96213A-R35-C32	G
SA1090-A96213A-R35-C33	F
SA1090-A96213A-R35-C34	G
SA1090-A96213A-R35-C36	F
SA1090-A96213A-R35-C38	G
SA1090-A96213A-R35-C39	F
SA1090-A96213A-R35-C41	G
SA1090-A96213A-R35-C44	G
SA1090-A96213A-R35-C45	F
SA1090-A96213A-R35-C47	F
SA1090-A96213A-R35-C48	G
